Entity,Code,Year,Use of insecticide-treated bed nets (% of under-5 population)
Afghanistan,AFG,2015,4.599999905
Angola,AGO,2001,2.299999952
Angola,AGO,2007,17.70000076
Angola,AGO,2011,25.89999962
Angola,AGO,2016,21.70000076
Azerbaijan,AZE,2000,1
Benin,BEN,2001,7
Benin,BEN,2006,20.29999924
Benin,BEN,2012,69.69999695
Benin,BEN,2014,72.69999695
Benin,BEN,2018,76.30000305
Botswana,BWA,2012,30.89999962
Burkina Faso,BFA,2003,1.899999976
Burkina Faso,BFA,2006,10
Burkina Faso,BFA,2010,47.40000153
Burkina Faso,BFA,2014,75.30000305
Burkina Faso,BFA,2018,54.40000153
Burundi,BDI,2000,1
Burundi,BDI,2005,8
Burundi,BDI,2010,45
Burundi,BDI,2012,53.79999924
Burundi,BDI,2016,39.90000153
Burundi,BDI,2017,39.90000153
Cambodia,KHM,2005,4
Cambodia,KHM,2006,4
Cameroon,CMR,2000,1
Cameroon,CMR,2004,1.100000024
Cameroon,CMR,2006,13
Cameroon,CMR,2011,21
Cameroon,CMR,2014,54.79999924
Cameroon,CMR,2018,59.79999924
Central African Republic,CAF,2000,2
Central African Republic,CAF,2006,15
Central African Republic,CAF,2010,36.40000153
Chad,TCD,2000,1
Chad,TCD,2010,9.800000191
Chad,TCD,2015,36.40000153
Colombia,COL,2000,0.699999988
Comoros,COM,2000,9
Comoros,COM,2012,41.09999847
Congo,COG,2005,6
Congo,COG,2012,31.5
Congo,COG,2015,60.5
Cote d'Ivoire,CIV,2000,1
Cote d'Ivoire,CIV,2004,4
Cote d'Ivoire,CIV,2005,1.299999952
Cote d'Ivoire,CIV,2006,3
Cote d'Ivoire,CIV,2012,37.20000076
Cote d'Ivoire,CIV,2016,59.70000076
Democratic Republic of Congo,COD,2001,1
Democratic Republic of Congo,COD,2007,5.800000191
Democratic Republic of Congo,COD,2010,38.09999847
Democratic Republic of Congo,COD,2014,55.79999924
Democratic Republic of Congo,COD,2018,51
Djibouti,DJI,2006,1
Djibouti,DJI,2009,19.89999962
Equatorial Guinea,GNQ,2000,1
Equatorial Guinea,GNQ,2011,23
Eritrea,ERI,2002,4
Eritrea,ERI,2008,48.90000153
Eritrea,ERI,2010,20.39999962
Eswatini,SWZ,2000,0
Eswatini,SWZ,2007,0.600000024
Eswatini,SWZ,2010,1.5
Ethiopia,ETH,2005,1.5
Ethiopia,ETH,2007,33
Ethiopia,ETH,2011,30.10000038
Ethiopia,ETH,2015,45.29999924
Gabon,GAB,2008,55.09999847
Gabon,GAB,2012,38.79999924
Gambia,GMB,2000,15
Gambia,GMB,2006,49
Gambia,GMB,2010,33.29999924
Gambia,GMB,2013,47
Gambia,GMB,2017,62.40000153
Gambia,GMB,2018,56
Gambia,GMB,2020,44
Ghana,GHA,2003,3.900000095
Ghana,GHA,2006,22
Ghana,GHA,2008,38.70000076
Ghana,GHA,2011,39
Ghana,GHA,2014,46.59999847
Ghana,GHA,2016,52.20000076
Ghana,GHA,2018,48.59999847
Ghana,GHA,2019,54.09999847
Guatemala,GTM,1999,1
Guinea,GIN,2003,4
Guinea,GIN,2005,1.399999976
Guinea,GIN,2007,5
Guinea,GIN,2008,4.5
Guinea,GIN,2012,26
Guinea,GIN,2016,67.90000153
Guinea,GIN,2018,26.60000038
Guinea-Bissau,GNB,2000,7
Guinea-Bissau,GNB,2006,39
Guinea-Bissau,GNB,2010,35.5
Guinea-Bissau,GNB,2014,80.59999847
Guyana,GUY,2000,5.5
Guyana,GUY,2005,6.699999809
Guyana,GUY,2009,24.39999962
Guyana,GUY,2014,7.400000095
Haiti,HTI,2012,12
Haiti,HTI,2017,18.20000076
India,IND,2016,5
Indonesia,IDN,2000,0
Indonesia,IDN,2007,3.700000048
Iraq,IRQ,2000,0
Kenya,KEN,2000,3
Kenya,KEN,2003,6
Kenya,KEN,2009,46.70000076
Kenya,KEN,2010,42.20000076
Kenya,KEN,2014,54.29999924
Kenya,KEN,2015,56.09999847
Kiribati,KIR,2019,69.19999695
Laos,LAO,2000,18
Laos,LAO,2006,41
Laos,LAO,2012,43.20000076
Laos,LAO,2017,49.79999924
Liberia,LBR,2009,26.39999962
Liberia,LBR,2011,37.09999847
Liberia,LBR,2013,38.09999847
Liberia,LBR,2016,43.70000076
Liberia,LBR,2020,44.29999924
Low income,,2010,38.90019608
Low income,,2017,52.92264938
Madagascar,MDG,2000,0
Madagascar,MDG,2009,45.79999924
Madagascar,MDG,2011,76.59999847
Madagascar,MDG,2013,62.29999924
Madagascar,MDG,2016,73.40000153
Madagascar,MDG,2018,62.29999924
Malawi,MWI,2000,3
Malawi,MWI,2004,14.80000019
Malawi,MWI,2005,15
Malawi,MWI,2006,25
Malawi,MWI,2010,39.40000153
Malawi,MWI,2012,55.90000153
Malawi,MWI,2014,67.09999847
Malawi,MWI,2016,42.70000076
Malawi,MWI,2017,67.5
Mali,MLI,2003,8.399999619
Mali,MLI,2006,27.10000038
Mali,MLI,2010,45.59999847
Mali,MLI,2013,69
Mali,MLI,2015,71.19999695
Mali,MLI,2018,79.09999847
Mauritania,MRT,2004,2
Mauritania,MRT,2011,18.70000076
Mauritania,MRT,2015,32.09999847
Mozambique,MOZ,2007,7
Mozambique,MOZ,2008,22.79999924
Mozambique,MOZ,2011,35.70000076
Mozambique,MOZ,2015,47.90000153
Mozambique,MOZ,2018,72.69999695
Myanmar,MMR,2010,11.10000038
Myanmar,MMR,2016,18.60000038
Namibia,NAM,2000,3.400000095
Namibia,NAM,2006,10.5
Namibia,NAM,2007,10.5
Namibia,NAM,2009,34
Namibia,NAM,2013,5.599999905
Niger,NER,2000,1
Niger,NER,2006,7.400000095
Niger,NER,2009,43
Niger,NER,2010,63.70000076
Niger,NER,2012,20.10000038
Niger,NER,2015,95.5
Nigeria,NGA,2003,1.200000048
Nigeria,NGA,2008,5.5
Nigeria,NGA,2010,28.89999962
Nigeria,NGA,2011,16.39999962
Nigeria,NGA,2013,16.60000038
Nigeria,NGA,2014,25.39999962
Nigeria,NGA,2015,43.59999847
Nigeria,NGA,2017,49.09999847
Nigeria,NGA,2018,52.20000076
Pakistan,PAK,2007,0.200000003
Pakistan,PAK,2018,0.400000006
Papua New Guinea,PNG,2018,51.5
Rwanda,RWA,2000,5
Rwanda,RWA,2005,12.60000038
Rwanda,RWA,2008,56.5
Rwanda,RWA,2010,69.59999847
Rwanda,RWA,2011,69.59999847
Rwanda,RWA,2013,74.09999847
Rwanda,RWA,2015,67.69999695
Rwanda,RWA,2017,68
Sao Tome and Principe,STP,2000,23
Sao Tome and Principe,STP,2006,42
Sao Tome and Principe,STP,2009,56
Sao Tome and Principe,STP,2014,61.09999847
Senegal,SEN,2000,2
Senegal,SEN,2005,7.199999809
Senegal,SEN,2006,16.39999962
Senegal,SEN,2009,29.20000076
Senegal,SEN,2011,34.5
Senegal,SEN,2013,45.79999924
Senegal,SEN,2014,43.20000076
Senegal,SEN,2015,55.40000153
Senegal,SEN,2016,66.59999847
Senegal,SEN,2017,60.70000076
Senegal,SEN,2018,56.40000153
Senegal,SEN,2019,65.40000153
Sierra Leone,SLE,2000,2
Sierra Leone,SLE,2005,5
Sierra Leone,SLE,2008,25.79999924
Sierra Leone,SLE,2010,30.29999924
Sierra Leone,SLE,2013,49
Sierra Leone,SLE,2016,44.09999847
Sierra Leone,SLE,2017,59.5
Sierra Leone,SLE,2019,59.09999847
Solomon Islands,SLB,1999,53
Solomon Islands,SLB,2002,42
Solomon Islands,SLB,2007,40
Solomon Islands,SLB,2015,69.59999847
Somalia,SOM,1999,0.300000012
Somalia,SOM,2006,11
South Asia,,2017,4.146280289
South Sudan,SSD,2006,21
South Sudan,SSD,2009,25.29999924
South Sudan,SSD,2013,45.79999924
South Sudan,SSD,2017,41.70000076
Sri Lanka,LKA,2007,2.900000095
Sri Lanka,LKA,2016,3.5
Sub-Saharan Africa,,2010,37.43349457
Sub-Saharan Africa,,2017,53.90289307
Sudan,SDN,2000,0.400000006
Sudan,SDN,2006,30
Sudan,SDN,2009,25.29999924
Suriname,SUR,2000,3
Suriname,SUR,2010,43.40000153
Tajikistan,TJK,2000,1.899999976
Tajikistan,TJK,2005,1
Tanzania,TZA,1999,2
Tanzania,TZA,2004,10
Tanzania,TZA,2005,16
Tanzania,TZA,2008,25.70000076
Tanzania,TZA,2010,63.59999847
Tanzania,TZA,2012,72
Tanzania,TZA,2016,54.40000153
Tanzania,TZA,2017,54.59999847
Timor,TLS,2002,8
Timor,TLS,2010,41
Timor,TLS,2016,55.70000076
Togo,TGO,2000,2
Togo,TGO,2006,38
Togo,TGO,2010,57.09999847
Togo,TGO,2014,42.79999924
Togo,TGO,2017,69.69999695
Uganda,UGA,2006,9.699999809
Uganda,UGA,2009,32.79999924
Uganda,UGA,2011,42.79999924
Uganda,UGA,2015,74.30000305
Uganda,UGA,2016,62
Uganda,UGA,2018,60.29999924
Uganda,UGA,2019,60.29999924
Vanuatu,VUT,2002,13
Vanuatu,VUT,2007,55.70000076
Vanuatu,VUT,2013,51
Vietnam,VNM,2000,16
Vietnam,VNM,2005,13
Vietnam,VNM,2006,5
Vietnam,VNM,2011,9.399999619
Zambia,ZMB,1999,1
Zambia,ZMB,2002,7.300000191
Zambia,ZMB,2006,23
Zambia,ZMB,2007,28.5
Zambia,ZMB,2008,41
Zambia,ZMB,2010,50
Zambia,ZMB,2012,57
Zambia,ZMB,2014,40.59999847
Zambia,ZMB,2018,51.59999847
Zimbabwe,ZWE,2006,3.099999905
Zimbabwe,ZWE,2009,17.29999924
Zimbabwe,ZWE,2011,9.699999809
Zimbabwe,ZWE,2014,26.79999924
Zimbabwe,ZWE,2015,9
Zimbabwe,ZWE,2019,14.89999962
